{
  "filters": [
    {
      "name": "brand",
      "values": ["NutriWell", "Marigold", "Meiji"]
    },
    {
      "name": "price",
      "values": ["0-0.99", "1-1.99", "2-2.99"]
    }
  ],
  "products": [
    {
      "id": "1",
      "name": "NutriWell Barley",
      "price": "2.25",
      "brand": "NutriWell",
      "desc": "F&N NutriWell Barley is freshly brewed from a special home recipe using carefully selected pearl barley and dried winter melon strips. Barley, a grain full of pure goodness, is commonly used in home-brews, to make that familiar barley drink or in soups. All natural, with no added preservatives and reduced in sugar, F&N NutriWell Barley is the great-tasting, 'healthier-choice' convenient beverage to cool you down in this tropical climate. Make drinking F&N NutriWell a daily enjoyment.",
      "measurement": "1L",
      "image": "product1.jpg"
    },
    {
      "id": "2",
      "name": "NutriWell LemonGrass With Ginger",
      "price": "2.35",
      "brand": "NutriWell",
      "desc": "F&N NutriWell Barley is freshly brewed from a special home recipe using carefully selected pearl barley and dried winter melon strips. Barley, a grain full of pure goodness, is commonly used in home-brews, to make that familiar barley drink or in soups. All natural, with no added preservatives and reduced in sugar, F&N NutriWell Barley is the great-tasting, 'healthier-choice' convenient beverage to cool you down in this tropical climate. Make drinking F&N NutriWell a daily enjoyment.",
      "measurement": "1L",
      "image": "product2.jpg"
    },
    {
      "id": "3",
      "name": "NutriWell Water Chestnut And Sugar Cane",
      "price": "1.25",
      "brand": "NutriWell",
      "desc": "F&N NutriWell Barley is freshly brewed from a special home recipe using carefully selected pearl barley and dried winter melon strips. Barley, a grain full of pure goodness, is commonly used in home-brews, to make that familiar barley drink or in soups. All natural, with no added preservatives and reduced in sugar, F&N NutriWell Barley is the great-tasting, 'healthier-choice' convenient beverage to cool you down in this tropical climate. Make drinking F&N NutriWell a daily enjoyment.",
      "measurement": "500ml",
      "image": "product3.jpg"
    },
    {
      "id": "4",
      "name": "NutriWell Chrysanthemus With Wolfberry",
      "price": "2.25",
      "brand": "NutriWell",
      "desc": "F&N NutriWell Barley is freshly brewed from a special home recipe using carefully selected pearl barley and dried winter melon strips. Barley, a grain full of pure goodness, is commonly used in home-brews, to make that familiar barley drink or in soups. All natural, with no added preservatives and reduced in sugar, F&N NutriWell Barley is the great-tasting, 'healthier-choice' convenient beverage to cool you down in this tropical climate. Make drinking F&N NutriWell a daily enjoyment.",
      "measurement": "1L",
      "image": "product4.jpg"
    },
    {
      "id": "5",
      "name": "Marigold Uji Cha - Yuzu Green Tea",
      "price": "2.05",
      "brand": "Marigold",
      "desc": "Marigold UJI CHA is the first ready-to-drink pasteurised Japanese green tea in Singapore. Harvested from the cool, misty hills of Uji, Kyoto, premium green tea in MARIGOLD UJI CHA hails from the finest of tea-growing regions. The first exciting flavour, Yuzu Green Tea, is made with pure squeezed yuzu juice, a rare citrus from Japan. MARIGOLD UJI CHA Yuzu Green tea, carefully blended for the most delicate tea drinking experience. Taste the artisan tea that refreshes your senses.",
      "measurement": "1L",
      "image": "product5.jpg"
    },
    {
      "id": "6",
      "name": "Marigold Uji Cha Momo Green Tea",
      "price": "2.25",
      "brand": "Marigold",
      "desc": "Marigold UJI CHA is the first ready-to-drink pasteurised Japanese green tea in Singapore. Harvested from the cool, misty hills of Uji, Kyoto, premium green tea in MARIGOLD UJI CHA hails from the finest of tea-growing regions. The first exciting flavour, Yuzu Green Tea, is made with pure squeezed yuzu juice, a rare citrus from Japan. MARIGOLD UJI CHA Yuzu Green tea, carefully blended for the most delicate tea drinking experience. Taste the artisan tea that refreshes your senses.",
      "measurement": "1L",
      "image": "product6.jpg"
    },
    {
      "id": "7",
      "name": "NutriWell LemonGrass With Ginger",
      "price": "1.50",
      "brand": "NutriWell",
      "desc": "F&N NutriWell Barley is freshly brewed from a special home recipe using carefully selected pearl barley and dried winter melon strips. Barley, a grain full of pure goodness, is commonly used in home-brews, to make that familiar barley drink or in soups. All natural, with no added preservatives and reduced in sugar, F&N NutriWell Barley is the great-tasting, 'healthier-choice' convenient beverage to cool you down in this tropical climate. Make drinking F&N NutriWell a daily enjoyment.",
      "measurement": "475ml",
      "image": "product7.jpg"
    },
    {
      "id": "8",
      "name": "NutriWell Barley",
      "price": "0.50",
      "brand": "NutriWell",
      "desc": "F&N NutriWell Barley is freshly brewed from a special home recipe using carefully selected pearl barley and dried winter melon strips. Barley, a grain full of pure goodness, is commonly used in home-brews, to make that familiar barley drink or in soups. All natural, with no added preservatives and reduced in sugar, F&N NutriWell Barley is the great-tasting, 'healthier-choice' convenient beverage to cool you down in this tropical climate. Make drinking F&N NutriWell a daily enjoyment.",
      "measurement": "475ml",
      "image": "product8.jpg"
    }
  ]
}
